atributo,importancia
categorical__condicao_metereologica_Céu Claro,0.258922355330271
categorical__uso_solo_Não,0.11539202491298682
categorical__uso_solo_Sim,0.11216223371015847
categorical__tipo_acidente_Colisão traseira,0.10638485732722715
categorical__tipo_acidente_Atropelamento de pessoa,0.08600562368639326
categorical__tipo_acidente_Queda de motocicleta / bicicleta / veículo,0.08445559263715863
categorical__tipo_acidente_Colisão frontal,0.06483823240821993
categorical__tipo_acidente_Incêndio,0.05310493163021677
categorical__tipo_acidente_Colisão com bicicleta,0.04456261939462107
categorical__tipo_acidente_Atropelamento de Pedestre,0.012382394906942306
categorical__tipo_acidente_Queda de ocupante de veículo,0.011418347591726311
categorical__fase_dia_Pleno dia,0.007306204707394175
categorical__causa_acidente_Não guardar distância de segurança,0.0062953326203027075
categorical__causa_acidente_Ingestão de álcool pelo condutor,0.005895378757413883
categorical__tipo_acidente_Colisão transversal,0.005471408599138191
categorical__causa_acidente_Ingestão de Álcool,0.004781684684740508
categorical__uf_RJ,0.004542620805105255
categorical__tipo_acidente_Saída de leito carroçável,0.0031974294760403793
categorical__causa_acidente_Falta de atenção,0.0022165096089417466
categorical__causa_acidente_Velocidade incompatível,0.0019441821347701191
categorical__tipo_pista_Simples,0.0017236378316235587
numeric__mes,0.0010763166340327173
numeric__hora,0.0009386788491877645
categorical__uf_RS,0.0007215671317846638
categorical__fase_dia_Anoitecer,0.0005448015832199444
categorical__condicao_metereologica_Chuva,0.0004050059168240644
categorical__br_116,0.00036429545782063106
numeric__km,0.0003588325901134889
categorical__uf_MG,0.00030651607108633154
categorical__causa_acidente_Defeito mecânico em veículo,0.0002634718054697082
categorical__causa_acidente_Falta de Atenção à Condução,0.00023489380674711094
numeric__fim_de_semana,0.00021974923018270491
numeric__veiculos,0.00020818439730315103
categorical__uf_SP,0.00018449972904826186
categorical__causa_acidente_Ausência de reação do condutor,0.00016375986024106767
categorical__uf_SC,0.0001393802934124557
categorical__tracado_via_Curva,0.00012396729993168499
categorical__condicao_metereologica_Nublado,0.00011052353561662896
categorical__dia_semana_sexta-feira,9.143588182594998e-05
categorical__uf_ES,8.27018924940808e-05
categorical__sentido_via_Decrescente,7.172596051512618e-05
categorical__uf_CE,7.115760258361188e-05
categorical__uf_PR,6.934812944824035e-05
categorical__tipo_pista_Dupla,6.339841269881285e-05
categorical__uf_BA,6.159615399811989e-05
categorical__dia_semana_sábado,4.883940285262529e-05
categorical__tracado_via_Reta,4.566550354639135e-05
categorical__sentido_via_Crescente,2.6084106622429405e-05
categorical__tracado_via_Interseção de Vias;Declive;Rotatória;Curva,0.0
categorical__tracado_via_Interseção de Vias;Declive;Rotatória,0.0
categorical__tracado_via_Interseção de Vias;Declive;Reta;Em Obras,0.0
categorical__tracado_via_Interseção de Vias;Declive;Reta,0.0
categorical__tracado_via_Interseção de Vias;Declive;Viaduto;Reta,0.0
categorical__tracado_via_Interseção de Vias;Declive;Curva,0.0
categorical__tracado_via_Interseção de Vias;Em Obras,0.0
categorical__tracado_via_Interseção de Vias;Em Obras;Desvio Temporário,0.0
categorical__tracado_via_Interseção de Vias;Declive;Em Obras,0.0
categorical__tracado_via_Interseção de Vias;Curva;Viaduto,0.0
categorical__tracado_via_Interseção de Vias;Declive,0.0
categorical__tracado_via_Em Obras;Viaduto;Desvio Temporário,0.0
categorical__tracado_via_Em Obras;Viaduto;Reta,0.0
categorical__tracado_via_Em Obras;Viaduto;Rotatória,0.0
categorical__tracado_via_Interseção de Vias,0.0
categorical__tracado_via_Interseção de Vias;Aclive,0.0
categorical__tracado_via_Interseção de Vias;Aclive;Curva,0.0
categorical__tracado_via_Interseção de Vias;Aclive;Em Obras;Reta,0.0
categorical__tracado_via_Interseção de Vias;Aclive;Reta,0.0
categorical__tracado_via_Em Obras;Viaduto,0.0
categorical__tracado_via_Em Obras;Viaduto;Aclive;Reta,0.0
categorical__tracado_via_Interseção de Vias;Curva,0.0
categorical__tracado_via_Interseção de Vias;Curva;Aclive;Viaduto,0.0
categorical__tracado_via_Interseção de Vias;Curva;Declive,0.0
categorical__tracado_via_Interseção de Vias;Curva;Retorno Regulamentado,0.0
categorical__tracado_via_Interseção de Vias;Curva;Rotatória,0.0
categorical__tracado_via_Interseção de Vias;Em Obras;Desvio Temporário;Reta,0.0
categorical__tracado_via_Interseção de Vias;Reta;Retorno Regulamentado,0.0
categorical__tracado_via_Interseção de Vias;Em Obras;Reta,0.0
categorical__tracado_via_Interseção de Vias;Rotatória;Viaduto,0.0
categorical__tracado_via_Interseção de Vias;Retorno Regulamentado;Viaduto,0.0
categorical__tracado_via_Interseção de Vias;Retorno Regulamentado;Viaduto;Reta,0.0
categorical__tracado_via_Interseção de Vias;Rotatória,0.0
categorical__tracado_via_Interseção de Vias;Rotatória;Aclive,0.0
categorical__tracado_via_Interseção de Vias;Rotatória;Curva,0.0
categorical__tracado_via_Interseção de Vias;Rotatória;Em Obras,0.0
categorical__tracado_via_Interseção de Vias;Rotatória;Reta,0.0
categorical__tracado_via_Interseção de Vias;Rotatória;Reta;Declive,0.0
categorical__tracado_via_Interseção de Vias;Rotatória;Retorno Regulamentado,0.0
categorical__tracado_via_Interseção de Vias;Viaduto,0.0
categorical__tracado_via_Interseção de Vias;Em Obras;Retorno Regulamentado,0.0
categorical__tracado_via_Interseção de Vias;Viaduto;Declive;Reta,0.0
categorical__tracado_via_Interseção de Vias;Viaduto;Reta,0.0
categorical__tracado_via_Interseção de Vias;Viaduto;Rotatória,0.0
categorical__tracado_via_Interseção de Vias;Viaduto;Rotatória;Curva,0.0
categorical__tracado_via_Ponte,0.0
categorical__tracado_via_Ponte;Aclive,0.0
categorical__tracado_via_Ponte;Aclive;Reta,0.0
categorical__tracado_via_Ponte;Curva,0.0
categorical__tracado_via_Ponte;Curva;Aclive,0.0
categorical__tracado_via_Interseção de Vias;Retorno Regulamentado;Túnel,0.0
categorical__tracado_via_Interseção de Vias;Retorno Regulamentado;Rotatória;Reta;Declive,0.0
categorical__tracado_via_Interseção de Vias;Retorno Regulamentado;Rotatória;Declive,0.0
categorical__tracado_via_Interseção de Vias;Retorno Regulamentado;Rotatória,0.0
categorical__tracado_via_Interseção de Vias;Reta,0.0
categorical__tracado_via_Interseção de Vias;Reta;Aclive,0.0
categorical__tracado_via_Interseção de Vias;Reta;Aclive;Retorno Regulamentado,0.0
categorical__tracado_via_Interseção de Vias;Reta;Declive,0.0
categorical__tracado_via_Interseção de Vias;Reta;Declive;Em Obras,0.0
categorical__tracado_via_Interseção de Vias;Reta;Em Obras,0.0
categorical__tracado_via_Interseção de Vias;Reta;Ponte,0.0
categorical__tracado_via_Em Obras;Rotatória;Reta,0.0
categorical__tracado_via_Interseção de Vias;Reta;Retorno Regulamentado;Rotatória,0.0
categorical__tracado_via_Interseção de Vias;Reta;Rotatória,0.0
categorical__tracado_via_Interseção de Vias;Reta;Rotatória;Declive,0.0
categorical__tracado_via_Interseção de Vias;Reta;Viaduto,0.0
categorical__tracado_via_Interseção de Vias;Reta;Viaduto;Declive,0.0
categorical__tracado_via_Interseção de Vias;Retorno Regulamentado,0.0
categorical__tracado_via_Interseção de Vias;Retorno Regulamentado;Aclive;Reta,0.0
categorical__tracado_via_Interseção de Vias;Retorno Regulamentado;Declive,0.0
categorical__tracado_via_Interseção de Vias;Retorno Regulamentado;Declive;Curva,0.0
categorical__tracado_via_Interseção de Vias;Retorno Regulamentado;Desvio Temporário;Em Obras,0.0
categorical__tracado_via_Interseção de Vias;Retorno Regulamentado;Reta,0.0
categorical__tracado_via_Em Obras;Rotatória;Retorno Regulamentado,0.0
categorical__tracado_via_Em Obras;Reta;Ponte,0.0
categorical__tracado_via_Em Obras;Rotatória;Curva;Declive;Desvio Temporário,0.0
categorical__tracado_via_Declive;Viaduto;Curva,0.0
categorical__tracado_via_Declive;Reta;Viaduto,0.0
categorical__tracado_via_Declive;Retorno Regulamentado,0.0
categorical__tracado_via_Declive;Retorno Regulamentado;Curva,0.0
categorical__tracado_via_Declive;Retorno Regulamentado;Reta,0.0
categorical__tracado_via_Declive;Retorno Regulamentado;Reta;Interseção de Vias,0.0
categorical__tracado_via_Declive;Retorno Regulamentado;Rotatória,0.0
categorical__tracado_via_Declive;Rotatória,0.0
categorical__tracado_via_Declive;Rotatória;Curva,0.0
categorical__tracado_via_Declive;Rotatória;Reta,0.0
categorical__tracado_via_Declive;Viaduto,0.0
categorical__tracado_via_Declive;Viaduto;Curva;Interseção de Vias,0.0
categorical__tracado_via_Declive;Reta;Retorno Regulamentado,0.0
categorical__tracado_via_Declive;Viaduto;Em Obras;Curva,0.0
categorical__tracado_via_Declive;Viaduto;Reta,0.0
categorical__tracado_via_Declive;Viaduto;Retorno Regulamentado,0.0
categorical__tracado_via_Desvio Temporário,0.0
categorical__tracado_via_Desvio Temporário;Aclive,0.0
categorical__tracado_via_Desvio Temporário;Aclive;Curva;Em Obras,0.0
categorical__tracado_via_Desvio Temporário;Aclive;Em Obras;Reta;Interseção de Vias,0.0
categorical__tracado_via_Desvio Temporário;Curva,0.0
categorical__tracado_via_Desvio Temporário;Curva;Em Obras,0.0
categorical__tracado_via_Desvio Temporário;Declive;Curva,0.0
categorical__tracado_via_Declive;Reta;Retorno Regulamentado;Interseção de Vias,0.0
categorical__tracado_via_Declive;Reta;Ponte;Em Obras,0.0
categorical__tracado_via_Em Obras;Rotatória,0.0
categorical__tracado_via_Declive;Interseção de Vias;Curva,0.0
categorical__tracado_via_Declive;Curva;Retorno Regulamentado,0.0
categorical__tracado_via_Declive;Curva;Rotatória,0.0
categorical__tracado_via_Declive;Curva;Viaduto,0.0
categorical__tracado_via_Declive;Desvio Temporário;Reta,0.0
categorical__tracado_via_Declive;Em Obras,0.0
categorical__tracado_via_Declive;Em Obras;Curva,0.0
categorical__tracado_via_Declive;Em Obras;Reta,0.0
categorical__tracado_via_Declive;Em Obras;Viaduto,0.0
categorical__tracado_via_Declive;Em Obras;Viaduto;Reta,0.0
categorical__tracado_via_Declive;Interseção de Vias,0.0
categorical__tracado_via_Declive;Interseção de Vias;Reta,0.0
categorical__tracado_via_Declive;Reta;Ponte,0.0
categorical__tracado_via_Declive;Interseção de Vias;Retorno Regulamentado;Rotatória,0.0
categorical__tracado_via_Declive;Interseção de Vias;Viaduto;Curva,0.0
categorical__tracado_via_Declive;Ponte,0.0
categorical__tracado_via_Declive;Ponte;Curva,0.0
categorical__tracado_via_Declive;Ponte;Em Obras,0.0
categorical__tracado_via_Declive;Ponte;Reta,0.0
categorical__tracado_via_Declive;Reta,0.0
categorical__tracado_via_Declive;Reta;Em Obras,0.0
categorical__tracado_via_Declive;Reta;Em Obras;Ponte,0.0
categorical__tracado_via_Declive;Reta;Interseção de Vias,0.0
categorical__tracado_via_Desvio Temporário;Declive;Em Obras,0.0
categorical__tracado_via_Desvio Temporário;Declive;Reta,0.0
categorical__tracado_via_Desvio Temporário;Declive;Reta;Em Obras,0.0
categorical__tracado_via_Em Obras;Reta;Aclive,0.0
categorical__tracado_via_Em Obras;Desvio Temporário;Curva,0.0
categorical__tracado_via_Em Obras;Desvio Temporário;Reta,0.0
categorical__tracado_via_Em Obras;Desvio Temporário;Viaduto;Reta,0.0
categorical__tracado_via_Em Obras;Interseção de Vias,0.0
categorical__tracado_via_Em Obras;Interseção de Vias;Declive,0.0
categorical__tracado_via_Em Obras;Interseção de Vias;Desvio Temporário,0.0
categorical__tracado_via_Em Obras;Interseção de Vias;Reta,0.0
categorical__tracado_via_Em Obras;Interseção de Vias;Rotatória,0.0
categorical__tracado_via_Em Obras;Ponte;Reta,0.0
categorical__tracado_via_Em Obras;Reta,0.0
categorical__tracado_via_Em Obras;Reta;Declive,0.0
categorical__tracado_via_Desvio Temporário;Em Obras,0.0
categorical__tracado_via_Em Obras;Reta;Declive;Desvio Temporário,0.0
categorical__tracado_via_Em Obras;Reta;Desvio Temporário,0.0
categorical__tracado_via_Em Obras;Reta;Interseção de Vias,0.0
categorical__tracado_via_Ponte;Declive,0.0
categorical__tracado_via_Em Obras;Reta;Retorno Regulamentado,0.0
categorical__tracado_via_Em Obras;Reta;Rotatória,0.0
categorical__tracado_via_Em Obras;Reta;Viaduto,0.0
categorical__tracado_via_Em Obras;Retorno Regulamentado,0.0
categorical__tracado_via_Em Obras;Retorno Regulamentado;Declive;Reta,0.0
categorical__tracado_via_Em Obras;Retorno Regulamentado;Reta,0.0
categorical__tracado_via_Em Obras;Desvio Temporário,0.0
categorical__tracado_via_Em Obras;Declive;Reta,0.0
categorical__tracado_via_Em Obras;Declive;Ponte,0.0
categorical__tracado_via_Em Obras;Declive;Curva,0.0
categorical__tracado_via_Desvio Temporário;Em Obras;Curva,0.0
categorical__tracado_via_Desvio Temporário;Em Obras;Declive;Curva,0.0
categorical__tracado_via_Desvio Temporário;Em Obras;Reta,0.0
categorical__tracado_via_Desvio Temporário;Em Obras;Viaduto;Declive,0.0
categorical__tracado_via_Desvio Temporário;Interseção de Vias;Curva,0.0
categorical__tracado_via_Desvio Temporário;Reta,0.0
categorical__tracado_via_Desvio Temporário;Reta;Em Obras,0.0
categorical__tracado_via_Desvio Temporário;Reta;Interseção de Vias;Em Obras,0.0
categorical__tracado_via_Desvio Temporário;Retorno Regulamentado;Reta;Em Obras;Interseção de Vias,0.0
categorical__tracado_via_Desvio Temporário;Viaduto;Reta;Em Obras;Interseção de Vias,0.0
categorical__tracado_via_Em Obras,0.0
categorical__tracado_via_Em Obras;Aclive,0.0
categorical__tracado_via_Em Obras;Aclive;Curva;Retorno Regulamentado,0.0
categorical__tracado_via_Em Obras;Aclive;Desvio Temporário;Reta,0.0
categorical__tracado_via_Em Obras;Aclive;Reta,0.0
categorical__tracado_via_Em Obras;Curva,0.0
categorical__tracado_via_Em Obras;Curva;Aclive,0.0
categorical__tracado_via_Em Obras;Curva;Declive,0.0
categorical__tracado_via_Em Obras;Curva;Interseção de Vias,0.0
categorical__tracado_via_Em Obras;Curva;Rotatória;Interseção de Vias,0.0
categorical__tracado_via_Em Obras;Declive,0.0
categorical__tracado_via_Ponte;Curva;Declive,0.0
categorical__tracado_via_Ponte;Reta;Declive,0.0
categorical__tracado_via_Ponte;Declive;Reta,0.0
categorical__tracado_via_Rotatória;Interseção de Vias;Retorno Regulamentado;Reta,0.0
categorical__tracado_via_Rotatória;Declive,0.0
categorical__tracado_via_Rotatória;Declive;Interseção de Vias,0.0
categorical__tracado_via_Rotatória;Desvio Temporário;Reta;Em Obras,0.0
categorical__tracado_via_Rotatória;Em Obras,0.0
categorical__tracado_via_Rotatória;Em Obras;Interseção de Vias,0.0
categorical__tracado_via_Rotatória;Em Obras;Reta,0.0
categorical__tracado_via_Rotatória;Interseção de Vias,0.0
categorical__tracado_via_Rotatória;Interseção de Vias;Curva,0.0
categorical__tracado_via_Rotatória;Interseção de Vias;Declive,0.0
categorical__tracado_via_Rotatória;Interseção de Vias;Reta,0.0
categorical__tracado_via_Rotatória;Interseção de Vias;Viaduto,0.0
categorical__tracado_via_Rotatória;Retorno Regulamentado;Reta,0.0
categorical__tracado_via_Rotatória;Interseção de Vias;Viaduto;Reta,0.0
categorical__tracado_via_Rotatória;Reta,0.0
categorical__tracado_via_Rotatória;Reta;Declive,0.0
categorical__tracado_via_Rotatória;Reta;Interseção de Vias,0.0
categorical__tracado_via_Rotatória;Reta;Interseção de Vias;Aclive,0.0
categorical__tracado_via_Rotatória;Reta;Interseção de Vias;Declive,0.0
categorical__tracado_via_Rotatória;Retorno Regulamentado,0.0
categorical__tracado_via_Rotatória;Retorno Regulamentado;Curva,0.0
categorical__tracado_via_Rotatória;Retorno Regulamentado;Desvio Temporário;Em Obras,0.0
categorical__tracado_via_Rotatória;Retorno Regulamentado;Interseção de Vias,0.0
categorical__tracado_via_Rotatória;Curva;Viaduto;Interseção de Vias,0.0
categorical__tracado_via_Rotatória;Curva;Interseção de Vias,0.0
categorical__tracado_via_Rotatória;Curva;Aclive,0.0
categorical__tracado_via_Rotatória;Curva,0.0
categorical__tracado_via_Retorno Regulamentado;Interseção de Vias;Aclive;Reta;Rotatória,0.0
categorical__tracado_via_Retorno Regulamentado;Interseção de Vias;Reta,0.0
categorical__tracado_via_Retorno Regulamentado;Interseção de Vias;Rotatória,0.0
categorical__tracado_via_Retorno Regulamentado;Interseção de Vias;Viaduto;Reta,0.0
categorical__tracado_via_Retorno Regulamentado;Reta,0.0
categorical__tracado_via_Retorno Regulamentado;Reta;Aclive,0.0
categorical__tracado_via_Retorno Regulamentado;Reta;Declive,0.0
categorical__tracado_via_Retorno Regulamentado;Reta;Em Obras,0.0
categorical__tracado_via_Retorno Regulamentado;Reta;Interseção de Vias,0.0
categorical__tracado_via_Retorno Regulamentado;Reta;Interseção de Vias;Declive,0.0
categorical__tracado_via_Retorno Regulamentado;Reta;Rotatória,0.0
categorical__tracado_via_Retorno Regulamentado;Reta;Viaduto,0.0
categorical__tracado_via_Retorno Regulamentado;Rotatória,0.0
categorical__tracado_via_Retorno Regulamentado;Rotatória;Interseção de Vias,0.0
categorical__tracado_via_Retorno Regulamentado;Túnel,0.0
categorical__tracado_via_Retorno Regulamentado;Viaduto,0.0
categorical__tracado_via_Retorno Regulamentado;Viaduto;Curva,0.0
categorical__tracado_via_Retorno Regulamentado;Viaduto;Interseção de Vias,0.0
categorical__tracado_via_Rotatória,0.0
categorical__tracado_via_Rotatória;Aclive,0.0
categorical__tracado_via_Rotatória;Aclive;Reta;Interseção de Vias,0.0
categorical__tracado_via_Rotatória;Retorno Regulamentado;Interseção de Vias;Declive,0.0
categorical__tracado_via_Rotatória;Retorno Regulamentado;Reta;Interseção de Vias,0.0
categorical__tracado_via_Ponte;Declive;Reta;Em Obras,0.0
categorical__tracado_via_Viaduto;Reta;Em Obras;Aclive,0.0
categorical__tracado_via_Viaduto;Interseção de Vias;Curva;Aclive,0.0
categorical__tracado_via_Viaduto;Interseção de Vias;Ponte;Reta;Em Obras,0.0
categorical__tracado_via_Viaduto;Interseção de Vias;Reta,0.0
categorical__tracado_via_Viaduto;Interseção de Vias;Rotatória,0.0
categorical__tracado_via_Viaduto;Reta,0.0
categorical__tracado_via_Viaduto;Reta;Aclive,0.0
categorical__tracado_via_Viaduto;Reta;Aclive;Interseção de Vias,0.0
categorical__tracado_via_Viaduto;Reta;Declive,0.0
categorical__tracado_via_Viaduto;Reta;Declive;Interseção de Vias,0.0
categorical__tracado_via_Viaduto;Reta;Em Obras,0.0
categorical__tracado_via_Viaduto;Reta;Interseção de Vias,0.0
categorical__tracado_via_Rotatória;Viaduto,0.0
categorical__tracado_via_Viaduto;Reta;Retorno Regulamentado,0.0
categorical__tracado_via_Viaduto;Reta;Rotatória,0.0
categorical__tracado_via_Viaduto;Retorno Regulamentado,0.0
categorical__tracado_via_Viaduto;Retorno Regulamentado;Curva,0.0
categorical__tracado_via_Viaduto;Rotatória,0.0
categorical__tracado_via_Viaduto;Rotatória;Interseção de Vias,0.0
categorical__tracado_via_Viaduto;Rotatória;Retorno Regulamentado;Interseção de Vias,0.0
categorical__uso_solo_(null),0.0
categorical__uso_solo_Rural,0.0
categorical__uso_solo_Urbano,0.0
categorical__tracado_via_Viaduto;Interseção de Vias,0.0
categorical__tracado_via_Viaduto;Em Obras;Reta,0.0
categorical__tracado_via_Viaduto;Declive;Rotatória,0.0
categorical__tracado_via_Viaduto;Declive;Curva,0.0
categorical__tracado_via_Rotatória;Viaduto;Interseção de Vias,0.0
categorical__tracado_via_Rotatória;Viaduto;Interseção de Vias;Reta,0.0
categorical__tracado_via_Rotatória;Viaduto;Interseção de Vias;Retorno Regulamentado;Reta,0.0
categorical__tracado_via_Rotatória;Viaduto;Reta;Interseção de Vias,0.0
categorical__tracado_via_Túnel,0.0
categorical__tracado_via_Túnel;Curva,0.0
categorical__tracado_via_Túnel;Curva;Declive,0.0
categorical__tracado_via_Túnel;Curva;Retorno Regulamentado,0.0
categorical__tracado_via_Túnel;Desvio Temporário;Ponte;Viaduto;Retorno Regulamentado;Rotatória;Em Obras,0.0
categorical__tracado_via_Túnel;Reta,0.0
categorical__tracado_via_Túnel;Reta;Declive,0.0
categorical__tracado_via_Viaduto,0.0
categorical__tracado_via_Viaduto;Aclive,0.0
categorical__tracado_via_Viaduto;Aclive;Curva,0.0
categorical__tracado_via_Viaduto;Aclive;Reta,0.0
categorical__tracado_via_Viaduto;Curva,0.0
categorical__tracado_via_Viaduto;Curva;Aclive,0.0
categorical__tracado_via_Viaduto;Curva;Declive,0.0
categorical__tracado_via_Viaduto;Curva;Declive;Em Obras,0.0
categorical__tracado_via_Viaduto;Curva;Retorno Regulamentado,0.0
categorical__tracado_via_Viaduto;Declive,0.0
categorical__tracado_via_Retorno Regulamentado;Interseção de Vias,0.0
categorical__tracado_via_Retorno Regulamentado;Em Obras,0.0
categorical__tracado_via_Retorno Regulamentado;Desvio Temporário;Em Obras,0.0
categorical__tracado_via_Reta;Desvio Temporário;Em Obras,0.0
categorical__tracado_via_Reta;Declive;Interseção de Vias,0.0
categorical__tracado_via_Reta;Declive;Interseção de Vias;Viaduto,0.0
categorical__tracado_via_Reta;Declive;Ponte,0.0
categorical__tracado_via_Reta;Declive;Retorno Regulamentado,0.0
categorical__tracado_via_Reta;Declive;Retorno Regulamentado;Interseção de Vias,0.0
categorical__tracado_via_Reta;Declive;Rotatória,0.0
categorical__tracado_via_Reta;Declive;Viaduto,0.0
categorical__tracado_via_Reta;Desvio Temporário,0.0
categorical__tracado_via_Reta;Desvio Temporário;Declive,0.0
categorical__tracado_via_Reta;Desvio Temporário;Declive;Em Obras,0.0
categorical__tracado_via_Reta;Desvio Temporário;Em Obras;Ponte,0.0
categorical__tracado_via_Retorno Regulamentado;Declive;Reta,0.0
categorical__tracado_via_Reta;Em Obras,0.0
categorical__tracado_via_Reta;Em Obras;Aclive,0.0
categorical__tracado_via_Reta;Em Obras;Declive,0.0
categorical__tracado_via_Reta;Em Obras;Declive;Interseção de Vias,0.0
categorical__tracado_via_Reta;Em Obras;Declive;Ponte,0.0
categorical__tracado_via_Reta;Em Obras;Desvio Temporário,0.0
categorical__tracado_via_Reta;Em Obras;Desvio Temporário;Ponte,0.0
categorical__tracado_via_Reta;Em Obras;Interseção de Vias,0.0
categorical__tracado_via_Reta;Em Obras;Interseção de Vias;Aclive,0.0
categorical__tracado_via_Reta;Em Obras;Ponte,0.0
categorical__tracado_via_Reta;Declive;Em Obras,0.0
categorical__tracado_via_Reta;Declive;Desvio Temporário,0.0
categorical__tracado_via_Reta;Declive,0.0
categorical__tracado_via_Reta;Aclive;Viaduto;Em Obras,0.0
categorical__tracado_via_Ponte;Desvio Temporário;Em Obras;Reta,0.0
categorical__tracado_via_Ponte;Desvio Temporário;Reta,0.0
categorical__tracado_via_Ponte;Em Obras;Desvio Temporário,0.0
categorical__tracado_via_Ponte;Em Obras;Reta,0.0
categorical__tracado_via_Ponte;Em Obras;Reta;Desvio Temporário,0.0
categorical__tracado_via_Ponte;Reta,0.0
categorical__tracado_via_Ponte;Reta;Aclive,0.0
categorical__tracado_via_Declive;Curva;Interseção de Vias;Rotatória,0.0
categorical__tracado_via_Ponte;Reta;Em Obras,0.0
categorical__tracado_via_Ponte;Viaduto;Reta,0.0
categorical__tracado_via_Reta;Aclive,0.0
categorical__tracado_via_Reta;Aclive;Desvio Temporário,0.0
categorical__tracado_via_Reta;Aclive;Em Obras,0.0
categorical__tracado_via_Reta;Aclive;Interseção de Vias,0.0
categorical__tracado_via_Reta;Aclive;Interseção de Vias;Retorno Regulamentado,0.0
categorical__tracado_via_Reta;Aclive;Ponte,0.0
categorical__tracado_via_Reta;Aclive;Retorno Regulamentado,0.0
categorical__tracado_via_Reta;Aclive;Retorno Regulamentado;Interseção de Vias,0.0
categorical__tracado_via_Reta;Aclive;Rotatória,0.0
categorical__tracado_via_Reta;Aclive;Rotatória;Interseção de Vias,0.0
categorical__tracado_via_Reta;Aclive;Viaduto,0.0
categorical__tracado_via_Reta;Em Obras;Retorno Regulamentado,0.0
categorical__tracado_via_Reta;Em Obras;Rotatória;Retorno Regulamentado,0.0
categorical__tracado_via_Reta;Interseção de Vias,0.0
categorical__tracado_via_Reta;Rotatória;Interseção de Vias,0.0
categorical__tracado_via_Reta;Túnel,0.0
categorical__tracado_via_Reta;Túnel;Aclive;Interseção de Vias,0.0
categorical__tracado_via_Reta;Viaduto,0.0
categorical__tracado_via_Reta;Viaduto;Aclive,0.0
categorical__tracado_via_Reta;Viaduto;Declive,0.0
categorical__tracado_via_Reta;Viaduto;Em Obras,0.0
categorical__tracado_via_Reta;Viaduto;Retorno Regulamentado,0.0
categorical__tracado_via_Reta;Viaduto;Retorno Regulamentado;Interseção de Vias,0.0
categorical__tracado_via_Retorno Regulamentado,0.0
categorical__tracado_via_Retorno Regulamentado;Aclive,0.0
categorical__tracado_via_Retorno Regulamentado;Aclive;Interseção de Vias;Rotatória;Curva,0.0
categorical__tracado_via_Retorno Regulamentado;Aclive;Reta,0.0
categorical__tracado_via_Retorno Regulamentado;Curva,0.0
categorical__tracado_via_Retorno Regulamentado;Curva;Aclive,0.0
categorical__tracado_via_Retorno Regulamentado;Curva;Declive,0.0
categorical__tracado_via_Retorno Regulamentado;Curva;Interseção de Vias,0.0
categorical__tracado_via_Retorno Regulamentado;Curva;Viaduto,0.0
categorical__tracado_via_Retorno Regulamentado;Declive,0.0
categorical__tracado_via_Retorno Regulamentado;Declive;Curva,0.0
categorical__tracado_via_Retorno Regulamentado;Declive;Em Obras;Reta,0.0
categorical__tracado_via_Retorno Regulamentado;Declive;Interseção de Vias,0.0
categorical__tracado_via_Reta;Rotatória;Retorno Regulamentado,0.0
categorical__tracado_via_Reta;Rotatória;Declive;Interseção de Vias;Viaduto,0.0
categorical__tracado_via_Reta;Interseção de Vias;Aclive,0.0
categorical__tracado_via_Reta;Rotatória;Declive,0.0
categorical__tracado_via_Reta;Interseção de Vias;Declive,0.0
categorical__tracado_via_Reta;Interseção de Vias;Declive;Viaduto,0.0
categorical__tracado_via_Reta;Interseção de Vias;Desvio Temporário;Em Obras,0.0
categorical__tracado_via_Reta;Interseção de Vias;Em Obras,0.0
categorical__tracado_via_Reta;Interseção de Vias;Retorno Regulamentado,0.0
categorical__tracado_via_Reta;Interseção de Vias;Retorno Regulamentado;Aclive,0.0
categorical__tracado_via_Reta;Interseção de Vias;Rotatória,0.0
categorical__tracado_via_Reta;Interseção de Vias;Rotatória;Aclive,0.0
categorical__tracado_via_Reta;Interseção de Vias;Rotatória;Retorno Regulamentado,0.0
categorical__tracado_via_Reta;Interseção de Vias;Viaduto,0.0
categorical__tracado_via_Reta;Interseção de Vias;Viaduto;Declive,0.0
categorical__tracado_via_Reta;Ponte,0.0
categorical__tracado_via_Reta;Ponte;Aclive,0.0
categorical__tracado_via_Reta;Ponte;Declive,0.0
categorical__tracado_via_Reta;Ponte;Em Obras,0.0
categorical__tracado_via_Reta;Retorno Regulamentado,0.0
categorical__tracado_via_Reta;Retorno Regulamentado;Aclive,0.0
categorical__tracado_via_Reta;Retorno Regulamentado;Declive,0.0
categorical__tracado_via_Reta;Retorno Regulamentado;Interseção de Vias,0.0
categorical__tracado_via_Reta;Retorno Regulamentado;Rotatória,0.0
categorical__tracado_via_Reta;Rotatória,0.0
categorical__tracado_via_Declive;Curva;Ponte,0.0
categorical__uf_(null),0.0
categorical__tracado_via_Declive;Curva;Interseção de Vias,0.0
categorical__br_601,0.0
categorical__br_463,0.0
categorical__br_465,0.0
categorical__br_467,0.0
categorical__br_468,0.0
categorical__br_469,0.0
categorical__br_470,0.0
categorical__br_471,0.0
categorical__br_472,0.0
categorical__br_473,0.0
categorical__br_474,0.0
categorical__br_476,0.0
categorical__br_480,0.0
categorical__br_482,0.0
categorical__br_484,0.0
categorical__br_485,0.0
categorical__br_487,0.0
categorical__br_488,0.0
categorical__br_489,0.0
categorical__br_493,0.0
categorical__br_495,0.0
categorical__br_50,0.0
categorical__br_460,0.0
categorical__br_459,0.0
categorical__br_453,0.0
categorical__br_428,0.0
categorical__br_419,0.0
categorical__br_420,0.0
categorical__br_421,0.0
categorical__br_422,0.0
categorical__br_423,0.0
categorical__br_424,0.0
categorical__br_425,0.0
categorical__br_426,0.0
categorical__br_427,0.0
categorical__br_429,0.0
categorical__br_452,0.0
categorical__br_430,0.0
categorical__br_432,0.0
categorical__br_433,0.0
categorical__br_434,0.0
categorical__br_435,0.0
categorical__br_436,0.0
categorical__br_447,0.0
categorical__br_448,0.0
categorical__br_450,0.0
categorical__br_60,0.0
categorical__br_605,0.0
categorical__tracado_via_Declive;Curva;Em Obras;Ponte,0.0
categorical__br_660,0.0
categorical__causa_acidente_Agressão Externa,0.0
categorical__causa_acidente_Animais na Pista,0.0
categorical__causa_acidente_Ausência de sinalização,0.0
categorical__causa_acidente_Avarias e/ou desgaste excessivo no pneu,0.0
categorical__causa_acidente_Carga excessiva e/ou mal acondicionada,0.0
categorical__causa_acidente_Chuva,0.0
categorical__causa_acidente_Condutor Dormindo,0.0
categorical__causa_acidente_Condutor deixou de manter distância do veículo da frente,0.0
categorical__causa_acidente_Condutor desrespeitou a iluminação vermelha do semáforo,0.0
categorical__causa_acidente_Condutor usando celular,0.0
categorical__causa_acidente_Conversão proibida,0.0
categorical__causa_acidente_Curva acentuada,0.0
categorical__causa_acidente_Declive acentuado,0.0
categorical__causa_acidente_Defeito Mecânico no Veículo,0.0
categorical__causa_acidente_Defeito na Via,0.0
categorical__causa_acidente_Defeito na via,0.0
categorical__causa_acidente_Deficiência do Sistema de Iluminação/Sinalização,0.0
categorical__causa_acidente_Deficiência ou não Acionamento do Sistema de Iluminação/Sinalização do Veículo,0.0
categorical__causa_acidente_Deixar de acionar o farol da motocicleta (ou similar),0.0
categorical__causa_acidente_Demais Fenômenos da natureza,0.0
categorical__causa_acidente_Demais falhas mecânicas ou elétricas,0.0
categorical__causa_acidente_Afundamento ou ondulação no pavimento,0.0
categorical__causa_acidente_Acumulo de óleo sobre o pavimento,0.0
categorical__causa_acidente_Acumulo de água sobre o pavimento,0.0
categorical__dia_semana_Sexta,0.0
categorical__br_687,0.0
categorical__br_7,0.0
categorical__br_70,0.0
categorical__br_719,0.0
categorical__br_80,0.0
categorical__dia_semana_Domingo,0.0
categorical__dia_semana_Quarta,0.0
categorical__dia_semana_Quinta,0.0
categorical__dia_semana_Segunda,0.0
categorical__dia_semana_Sábado,0.0
categorical__causa_acidente_Acumulo de areia ou detritos sobre o pavimento,0.0
categorical__dia_semana_Terça,0.0
categorical__dia_semana_domingo,0.0
categorical__dia_semana_quarta-feira,0.0
categorical__dia_semana_quinta-feira,0.0
categorical__dia_semana_segunda-feira,0.0
categorical__dia_semana_terça-feira,0.0
categorical__causa_acidente_Acessar a via sem observar a presença dos outros veículos,0.0
categorical__causa_acidente_Acesso irregular,0.0
categorical__causa_acidente_Acostamento em desnível,0.0
categorical__br_418,0.0
categorical__br_416,0.0
categorical__br_415,0.0
categorical__br_414,0.0
categorical__br_122,0.0
categorical__br_135,0.0
categorical__br_146,0.0
categorical__br_153,0.0
categorical__br_155,0.0
categorical__br_156,0.0
categorical__br_158,0.0
categorical__br_163,0.0
categorical__br_174,0.0
categorical__br_20,0.0
categorical__br_210,0.0
categorical__br_216,0.0
categorical__br_222,0.0
categorical__br_226,0.0
categorical__br_230,0.0
categorical__br_232,0.0
categorical__br_235,0.0
categorical__br_242,0.0
categorical__br_251,0.0
categorical__br_259,0.0
categorical__br_262,0.0
categorical__br_120,0.0
categorical__br_110,0.0
categorical__br_104,0.0
categorical__uf_PB,0.0
categorical__uf_AL,0.0
categorical__uf_AM,0.0
categorical__uf_AP,0.0
categorical__uf_DF,0.0
categorical__uf_GO,0.0
categorical__uf_MA,0.0
categorical__uf_MS,0.0
categorical__uf_MT,0.0
categorical__uf_PA,0.0
categorical__uf_PE,0.0
categorical__br_101,0.0
categorical__uf_PI,0.0
categorical__uf_RN,0.0
categorical__uf_RO,0.0
categorical__uf_RR,0.0
categorical__uf_SE,0.0
categorical__uf_TO,0.0
categorical__br_(null),0.0
categorical__br_0,0.0
categorical__br_10,0.0
categorical__br_265,0.0
categorical__br_267,0.0
categorical__br_272,0.0
categorical__br_40,0.0
categorical__br_367,0.0
categorical__br_369,0.0
categorical__br_373,0.0
categorical__br_376,0.0
categorical__br_377,0.0
categorical__br_381,0.0
categorical__br_386,0.0
categorical__br_392,0.0
categorical__br_393,0.0
categorical__br_401,0.0
categorical__br_364,0.0
categorical__br_402,0.0
categorical__br_403,0.0
categorical__br_404,0.0
categorical__br_405,0.0
categorical__br_406,0.0
categorical__br_407,0.0
categorical__br_408,0.0
categorical__br_410,0.0
categorical__br_412,0.0
categorical__br_365,0.0
categorical__br_363,0.0
categorical__br_277,0.0
categorical__br_316,0.0
categorical__br_280,0.0
categorical__br_282,0.0
categorical__br_285,0.0
categorical__br_287,0.0
categorical__br_290,0.0
categorical__br_293,0.0
categorical__br_30,0.0
categorical__br_304,0.0
categorical__br_308,0.0
categorical__br_317,0.0
categorical__br_361,0.0
categorical__br_319,0.0
categorical__br_324,0.0
categorical__br_330,0.0
categorical__br_342,0.0
categorical__br_343,0.0
categorical__br_349,0.0
categorical__br_354,0.0
categorical__br_356,0.0
categorical__br_359,0.0
categorical__causa_acidente_Demais falhas na via,0.0
categorical__causa_acidente_Desobediência à sinalização,0.0
categorical__causa_acidente_Desobediência às normas de trânsito pelo condutor,0.0
categorical__condicao_metereologica_Vento,0.0
categorical__tracado_via_Aclive;Reta;Interseção de Vias;Retorno Regulamentado,0.0
categorical__tracado_via_Aclive;Reta;Ponte,0.0
categorical__tracado_via_Aclive;Reta;Retorno Regulamentado,0.0
categorical__tracado_via_Aclive;Reta;Rotatória,0.0
categorical__tracado_via_Aclive;Reta;Viaduto,0.0
categorical__tracado_via_Aclive;Retorno Regulamentado,0.0
categorical__tracado_via_Aclive;Retorno Regulamentado;Curva,0.0
categorical__tracado_via_Aclive;Retorno Regulamentado;Reta,0.0
categorical__tracado_via_Aclive;Rotatória,0.0
categorical__tracado_via_Aclive;Rotatória;Interseção de Vias;Reta;Viaduto,0.0
categorical__tracado_via_Aclive;Viaduto,0.0
categorical__tracado_via_Aclive;Viaduto;Curva,0.0
categorical__tracado_via_Aclive;Viaduto;Em Obras,0.0
categorical__tracado_via_Aclive;Viaduto;Reta,0.0
categorical__tracado_via_Cruzamento,0.0
categorical__tracado_via_Curva;Aclive,0.0
categorical__tracado_via_Curva;Aclive;Em Obras,0.0
categorical__tracado_via_Curva;Aclive;Interseção de Vias,0.0
categorical__tracado_via_Curva;Aclive;Ponte,0.0
categorical__tracado_via_Curva;Aclive;Retorno Regulamentado,0.0
categorical__tracado_via_Curva;Aclive;Rotatória,0.0
categorical__tracado_via_Aclive;Reta;Interseção de Vias,0.0
categorical__tracado_via_Aclive;Reta;Em Obras,0.0
categorical__tracado_via_Aclive;Reta,0.0
categorical__tracado_via_Aclive;Curva;Viaduto,0.0
categorical__tipo_pista_Múltipla,0.0
categorical__tracado_via_(null),0.0
categorical__tracado_via_Aclive,0.0
categorical__tracado_via_Aclive;Curva,0.0
categorical__tracado_via_Aclive;Curva;Em Obras,0.0
categorical__tracado_via_Aclive;Curva;Interseção de Vias,0.0
categorical__tracado_via_Aclive;Curva;Interseção de Vias;Viaduto,0.0
categorical__tracado_via_Aclive;Curva;Retorno Regulamentado,0.0
categorical__tracado_via_Aclive;Curva;Rotatória,0.0
categorical__tracado_via_Aclive;Desvio Temporário;Em Obras;Reta,0.0
categorical__tracado_via_Aclive;Ponte;Curva,0.0
categorical__tracado_via_Aclive;Em Obras,0.0
categorical__tracado_via_Aclive;Em Obras;Curva,0.0
categorical__tracado_via_Aclive;Em Obras;Desvio Temporário;Interseção de Vias;Curva,0.0
categorical__tracado_via_Aclive;Em Obras;Reta,0.0
categorical__tracado_via_Aclive;Interseção de Vias,0.0
categorical__tracado_via_Aclive;Interseção de Vias;Curva,0.0
categorical__tracado_via_Aclive;Interseção de Vias;Reta,0.0
categorical__tracado_via_Aclive;Interseção de Vias;Reta;Retorno Regulamentado,0.0
categorical__tracado_via_Aclive;Interseção de Vias;Viaduto;Rotatória,0.0
categorical__tracado_via_Curva;Aclive;Viaduto,0.0
categorical__tracado_via_Curva;Declive,0.0
categorical__tracado_via_Curva;Declive;Em Obras,0.0
categorical__tracado_via_Curva;Túnel,0.0
categorical__tracado_via_Curva;Ponte;Em Obras,0.0
categorical__uf_AC,0.0
categorical__tracado_via_Curva;Retorno Regulamentado;Declive,0.0
categorical__tracado_via_Curva;Retorno Regulamentado;Interseção de Vias,0.0
categorical__tracado_via_Curva;Retorno Regulamentado;Rotatória,0.0
categorical__tracado_via_Curva;Rotatória,0.0
categorical__tracado_via_Curva;Rotatória;Aclive,0.0
categorical__tracado_via_Curva;Rotatória;Declive,0.0
categorical__tracado_via_Curva;Rotatória;Interseção de Vias;Declive,0.0
categorical__tracado_via_Curva;Túnel;Declive;Retorno Regulamentado,0.0
categorical__tracado_via_Curva;Ponte;Aclive,0.0
categorical__tracado_via_Curva;Viaduto,0.0
categorical__tracado_via_Curva;Viaduto;Aclive,0.0
categorical__tracado_via_Curva;Viaduto;Declive,0.0
categorical__tracado_via_Curva;Viaduto;Interseção de Vias,0.0
categorical__tracado_via_Curva;Viaduto;Retorno Regulamentado,0.0
categorical__tracado_via_Declive,0.0
categorical__tracado_via_Declive;Curva,0.0
categorical__tracado_via_Declive;Curva;Desvio Temporário,0.0
categorical__tracado_via_Declive;Curva;Em Obras,0.0
categorical__tracado_via_Curva;Ponte;Declive,0.0
categorical__tracado_via_Curva;Ponte,0.0
categorical__tracado_via_Curva;Declive;Interseção de Vias,0.0
categorical__tracado_via_Curva;Desvio Temporário;Em Obras;Ponte,0.0
categorical__tracado_via_Curva;Declive;Interseção de Vias;Viaduto,0.0
categorical__tracado_via_Curva;Declive;Ponte,0.0
categorical__tracado_via_Curva;Declive;Retorno Regulamentado,0.0
categorical__tracado_via_Curva;Declive;Retorno Regulamentado;Viaduto,0.0
categorical__tracado_via_Curva;Declive;Rotatória,0.0
categorical__tracado_via_Curva;Declive;Viaduto,0.0
categorical__tracado_via_Curva;Desvio Temporário,0.0
categorical__tracado_via_Curva;Desvio Temporário;Aclive;Interseção de Vias;Em Obras,0.0
categorical__tracado_via_Curva;Desvio Temporário;Em Obras,0.0
categorical__tracado_via_Curva;Em Obras,0.0
categorical__tracado_via_Curva;Interseção de Vias;Viaduto,0.0
categorical__tracado_via_Curva;Em Obras;Declive,0.0
categorical__tracado_via_Curva;Em Obras;Desvio Temporário,0.0
categorical__tracado_via_Curva;Interseção de Vias,0.0
categorical__tracado_via_Curva;Interseção de Vias;Aclive,0.0
categorical__tracado_via_Curva;Interseção de Vias;Declive,0.0
categorical__tracado_via_Curva;Interseção de Vias;Em Obras,0.0
categorical__tracado_via_Curva;Interseção de Vias;Retorno Regulamentado,0.0
categorical__tracado_via_Curva;Interseção de Vias;Retorno Regulamentado;Viaduto,0.0
categorical__tracado_via_Curva;Interseção de Vias;Rotatória,0.0
categorical__tipo_pista_(null),0.0
categorical__condicao_metereologica_Sol,0.0
categorical__causa_acidente_Desobediência às normas de trânsito pelo pedestre,0.0
categorical__condicao_metereologica_Nevoeiro/neblina,0.0
categorical__causa_acidente_Objeto estático sobre o leito carroçável,0.0
categorical__causa_acidente_Obras na pista,0.0
categorical__causa_acidente_Obstrução na via,0.0
categorical__causa_acidente_Outras,0.0
categorical__causa_acidente_Participar de racha,0.0
categorical__causa_acidente_Pedestre - Ingestão de álcool/ substâncias psicoativas,0.0
categorical__causa_acidente_Pedestre andava na pista,0.0
categorical__causa_acidente_Pedestre cruzava a pista fora da faixa,0.0
categorical__causa_acidente_Pista Escorregadia,0.0
categorical__causa_acidente_Pista em desnível,0.0
categorical__causa_acidente_Pista esburacada,0.0
categorical__causa_acidente_Problema com o freio,0.0
categorical__causa_acidente_Problema na suspensão,0.0
categorical__causa_acidente_Reação tardia ou ineficiente do condutor,0.0
categorical__causa_acidente_Redutor de velocidade em desacordo,0.0
categorical__causa_acidente_Restrição de Visibilidade,0.0
categorical__causa_acidente_Restrição de visibilidade em curvas horizontais,0.0
categorical__causa_acidente_Restrição de visibilidade em curvas verticais,0.0
categorical__causa_acidente_Retorno proibido,0.0
categorical__causa_acidente_Semáforo com defeito,0.0
categorical__causa_acidente_Sinalização da via insuficiente ou inadequada,0.0
categorical__causa_acidente_Neblina,0.0
categorical__causa_acidente_Modificação proibida,0.0
categorical__causa_acidente_Manobra de mudança de faixa,0.0
categorical__causa_acidente_Faróis desregulados,0.0
categorical__causa_acidente_Desrespeitar a preferência no cruzamento,0.0
categorical__causa_acidente_Desvio temporário,0.0
categorical__causa_acidente_Dormindo,0.0
categorical__causa_acidente_Entrada inopinada do pedestre,0.0
categorical__causa_acidente_Estacionar ou parar em local proibido,0.0
categorical__causa_acidente_Faixas de trânsito com largura insuficiente,0.0
categorical__causa_acidente_Falta de Atenção do Pedestre,0.0
categorical__causa_acidente_Falta de acostamento,0.0
categorical__causa_acidente_Falta de elemento de contenção que evite a saída do leito carroçável,0.0
categorical__causa_acidente_Fenômenos da Natureza,0.0
categorical__causa_acidente_Mal súbito do condutor,0.0
categorical__causa_acidente_Frear bruscamente,0.0
categorical__causa_acidente_Fumaça,0.0
categorical__causa_acidente_Iluminação deficiente,0.0
categorical__causa_acidente_Ingestão de Substâncias Psicoativas,0.0
categorical__causa_acidente_Ingestão de substâncias psicoativas pelo condutor,0.0
categorical__causa_acidente_Ingestão de álcool,0.0
categorical__causa_acidente_Ingestão de álcool e/ou substâncias psicoativas pelo pedestre,0.0
categorical__causa_acidente_Ingestão de álcool ou de substâncias psicoativas pelo pedestre,0.0
categorical__causa_acidente_Mal Súbito,0.0
categorical__causa_acidente_Sinalização encoberta,0.0
categorical__causa_acidente_Sinalização mal posicionada,0.0
categorical__causa_acidente_Sistema de drenagem ineficiente,0.0
categorical__fase_dia_Plena Noite,0.0
categorical__tipo_acidente_Derramamento de Carga,0.0
categorical__tipo_acidente_Derramamento de carga,0.0
categorical__tipo_acidente_Engavetamento,0.0
categorical__tipo_acidente_Eventos atípicos,0.0
categorical__tipo_acidente_Saída de Pista,0.0
categorical__tipo_acidente_Sinistro pessoal de trânsito,0.0
categorical__tipo_acidente_Tombamento,0.0
categorical__fase_dia_(null),0.0
categorical__fase_dia_Amanhecer,0.0
categorical__fase_dia_Plena noite,0.0
categorical__tipo_acidente_Danos Eventuais,0.0
categorical__sentido_via_Não Informado,0.0
categorical__condicao_metereologica_(null),0.0
categorical__condicao_metereologica_Ceu Claro,0.0
categorical__condicao_metereologica_Garoa/Chuvisco,0.0
categorical__condicao_metereologica_Granizo,0.0
categorical__condicao_metereologica_Ignorada,0.0
categorical__condicao_metereologica_Ignorado,0.0
categorical__condicao_metereologica_Neve,0.0
categorical__condicao_metereologica_Nevoeiro/Neblina,0.0
categorical__tipo_acidente_Danos eventuais,0.0
categorical__tipo_acidente_Colisão lateral sentido oposto,0.0
categorical__causa_acidente_Suicídio (presumido),0.0
categorical__causa_acidente_Área urbana sem a presença de local apropriado para a travessia de pedestres,0.0
categorical__causa_acidente_Trafegar com motocicleta (ou similar) entre as faixas,0.0
categorical__causa_acidente_Transitar na calçada,0.0
categorical__causa_acidente_Transitar na contramão,0.0
categorical__causa_acidente_Transitar no Acostamento,0.0
categorical__causa_acidente_Transitar no acostamento,0.0
categorical__causa_acidente_Transtornos Mentais (exceto suicidio),0.0
categorical__causa_acidente_Ultrapassagem Indevida,0.0
categorical__causa_acidente_Ultrapassagem indevida,0.0
categorical__causa_acidente_Velocidade Incompatível,0.0
categorical__tipo_acidente_Atropelamento de Animal,0.0
categorical__tipo_acidente_Colisão lateral mesmo sentido,0.0
categorical__tipo_acidente_Atropelamento de animal,0.0
categorical__tipo_acidente_Capotamento,0.0
categorical__tipo_acidente_Colisão Transversal,0.0
categorical__tipo_acidente_Colisão com objeto,0.0
categorical__tipo_acidente_Colisão com objeto em movimento,0.0
categorical__tipo_acidente_Colisão com objeto estático,0.0
categorical__tipo_acidente_Colisão com objeto fixo,0.0
categorical__tipo_acidente_Colisão com objeto móvel,0.0
categorical__tipo_acidente_Colisão lateral,0.0
categorical__tracado_via_Curva;Retorno Regulamentado,0.0
